epoch,learning_rate,train_loss,train_accuracy,train_rmse_deg,eval_loss,eval_accuracy,eval_rmse_deg,elapsed_seconds
1,0.001,1.111372132836517,0.5443465075979739,4.028510210613557,0.800290455481725,0.6600906424953346,0.7147551173726298,706.1111224130001
2,0.001,0.7616594564667873,0.6768306229449924,0.646378567043198,0.7013216430448292,0.6971918599484582,0.6344318535277362,677.7025673539999
3,0.001,0.6771744116988487,0.7072447347374033,0.6048596666886802,0.6462893975445252,0.7189193992713054,0.5789833492016879,677.5363499140001
4,0.001,0.6295355059809656,0.7257592419799165,0.5902766560714761,0.6671367581871831,0.7181751532924553,0.582798309948725,676.776941137
5,0.001,0.6001448091809765,0.7370867768595041,0.5652834187060197,0.5857771693108231,0.7409024260197281,0.5542425017383076,677.6512190359999
6,0.001,0.5782678408441804,0.7461093708344442,0.5646173627983925,0.5678795812861566,0.749633431085044,0.5528880091180307,677.5031785489996
7,0.001,0.5586292065615803,0.7530825113303119,0.6528592718403163,0.5477541870120831,0.757642406469386,0.5400000164565166,677.2876965840005
8,0.001,0.5426768331138715,0.7600917533102284,0.5745585472480282,0.5561368384038587,0.753110281702657,0.6039154362022514,677.4934527220003
9,0.001,0.5314093751450978,0.7652403803430197,0.6101849827250436,0.5511694393570684,0.7595307917888563,0.6859519523022909,677.6222332469997
10,0.001,0.519282248752081,0.770044654758731,0.6272586487433663,0.5281872768370531,0.7661623567048786,0.6513304200584265,677.5625305100002
